<?xml version="1.0" encoding="utf-8" standalone="yes" ?>
<Window size="441,434" sizebox="4,4,4,4" caption="0,0,0,40" roundcorner="4,4">
    <Font name="Times New Roman" size="20" bold="false" italic="false" />
    <Default name="Button" value="textcolor=&quot;#000000&quot; hottextcolor=&quot;#FFFFFF&quot; focusedtextcolor=&quot;#000000&quot; pushedtextcolor=&quot;#77a8de&quot; normalimage=&quot;file=&apos;Button/btn.png&apos; corner=&apos;5,11,5,11&apos; source=&apos;0,0,96,24&apos;&quot; hotimage=&quot;file=&apos;Button/btn.png&apos; corner=&apos;5,11,5,11&apos; source=&apos;0,24,96,48&apos;&quot; pushedimage=&quot;file=&apos;Button/btn.png&apos; corner=&apos;5,11,5,11&apos; source=&apos;0,48,96,72&apos;&quot; disabledimage=&quot;file=&apos;Button/btn.png&apos; corner=&apos;5,11,5,11&apos; source=&apos;0,72,96,96&apos;&quot;" />
    <Default name="VScrollBar" value="thumbnormalimage=&quot;file=&apos;scroll.png&apos; corner=&apos;3,3,3,3&apos;&quot; thumbhotimage=&quot;file=&apos;scroll.png&apos; corner=&apos;3,3,3,3&apos;&quot; thumbpushedimage=&quot;file=&apos;scroll.png&apos; corner=&apos;3,3,3,3&apos;&quot;" />
    <HorizontalLayout name="bg" width="440" height="432" bkimage="file=&apos;bg.png&apos; corner=&apos;4,100,4,4&apos;">
        <VerticalLayout width="437" height="432">
            <HorizontalLayout width="443" height="30">
                <VerticalLayout width="340">
                    <Label text="Guildhall Resource Manager " padding="8,4,0,0" textcolor="#FF000000" disabledtextcolor="#FFA7A6AA" font="0" />
                </VerticalLayout>
                <VerticalLayout width="105" height="30">
                    <Button name="minbtn" float="true" pos="28,0,0,0" width="28" height="19" maxheight="19" maxwidth="28" textcolor="#FF000000" disabledtextcolor="#FFA7A6AA" align="center" normalimage="file=&apos;btn_mini.png&apos; source=&apos;0,0,28,19&apos;" hotimage="file=&apos;btn_mini.png&apos; source=&apos;28,0,56,19&apos;" pushedimage="file=&apos;btn_mini.png&apos; source=&apos;56,0,84,19&apos;" disabledimage="file=&apos;Button/btn.png&apos; corner=&apos;5,11,5,11&apos; source=&apos;0,72,96,96&apos;" pushedtextcolor="#0077A8DE" hottextcolor="#00FFFFFF" />
                    <Button name="restorebtn" visible="false" float="true" pos="28,0,0,0" width="28" height="19" maxheight="19" maxwidth="28" align="center" normalimage="file=&apos;btn_restore.png&apos; source=&apos;0,0,28,19&apos;" hotimage="file=&apos;btn_restore.png&apos; source=&apos;28,0,56,19&apos;" pushedimage="btn_restore.png&apos; source=&apos;56,0,84,19&apos;" disabledimage="file=&apos;Button/btn.png&apos; corner=&apos;5,11,5,11&apos; source=&apos;0,72,96,96&apos;" pushedtextcolor="#0077A8DE" hottextcolor="#00FFFFFF" />
                    <Button name="closebtn" float="true" pos="56,0,0,0" width="39" height="19" maxheight="19" maxwidth="39" textcolor="#FF000000" disabledtextcolor="#FFA7A6AA" align="center" normalimage="file=&apos;btn_close.png&apos; source=&apos;0,0,39,19&apos;" hotimage="file=&apos;btn_close.png&apos; source=&apos;39,0,78,19&apos;" pushedimage="file=&apos;btn_close.png&apos; source=&apos;78,0,117,19&apos;" disabledimage="file=&apos;Button/btn.png&apos; corner=&apos;5,11,5,11&apos; source=&apos;0,72,96,96&apos;" pushedtextcolor="#0077A8DE" hottextcolor="#00FFFFFF" />
                </VerticalLayout>
            </HorizontalLayout>
            <HorizontalLayout width="432" height="400" inset="2,2,2,2">
                <HorizontalLayout width="240" height="400" inset="2,2,2,2">
                    <TreeView name="tree"  visiblefolderbtn="true" visiblecheckbtn="false" vscrollbar="true" bordercolor="#ff2582e6" bordersize="1" bkcolor="#ffffffff" inset="1,0,1,1" header="true" headerbkimage="file='list_header_bg.png'" vscrollbarstyle="width=&quot;6&quot; showbutton1=&quot;false&quot; showbutton2=&quot;false&quot;" >
					<ListHeader height="26">					
					</ListHeader>
				</TreeView>
                </HorizontalLayout>
                <VerticalLayout width="195" height="396">
                    <Label name="Label_NodeName" text="Input here:" float="true" pos="5,29,0,0" width="84" height="20" textcolor="#FF000000" disabledtextcolor="#FFA7A6AA" font="0" />
                    <Edit name="Edit_InputNodeName" float="true" pos="96,29,0,0" width="85" height="22" bkcolor="#FFFFFFFF" textpadding="4,3,4,3" textcolor="#FF000000" disabledtextcolor="#FFA7A6AA" />
                    <Button name="Btn_AddNode" text="Add child node" float="true" pos="10,112,0,0" width="170" height="30" textcolor="#FF000000" disabledtextcolor="#FFA7A6AA" font="0" align="center" />
                    <Button name="Btn_DelNode" text="Delete node" float="true" pos="10,302,0,0" width="170" height="30" textcolor="#FF000000" disabledtextcolor="#FFA7A6AA" font="0" align="center" />
                    <Button name="Btn_AddItem" text="Add parent node" float="true" pos="10,67,0,0" width="170" height="30" textcolor="#FF000000" disabledtextcolor="#FFA7A6AA" font="0" align="center" />
                    <Button name="Btn_SaveAndExit" text="Save and exit" float="true" pos="10,347,0,0" width="170" height="30" textcolor="#FF000000" disabledtextcolor="#FFA7A6AA" font="0" align="center" />                    
                    <Label text="Tang Jian Ping" float="true" pos="2,176,0,0" width="183" height="18" textcolor="#FF000000" disabledtextcolor="#FFA7A6AA" align="center" />
                    <Label text="ID:16060" float="true" pos="4,204,0,0" width="182" height="19" textcolor="#FF000000" disabledtextcolor="#FFA7A6AA" align="center" />
                </VerticalLayout>
            </HorizontalLayout>
        </VerticalLayout>
    </HorizontalLayout>
</Window>
